15,0.01,0.999,adaptive_beta,0.1338,0.1353,False
13,0.001,0.9999,adaptive_beta,0.1338,0.1353,False
35,10.0,0.1,inverse_beta,0.1338,0.1353,False
1,20.0,0.05,inverse_beta,0.1338,0.1353,False
16,100.0,0.01,inverse_beta,0.1338,0.1353,False
14,30.0,0.025,inverse_beta,0.1338,0.1353,False
2,50.0,0.00625,inverse_beta,0.1338,0.1353,False
36,40.0,0.0125,inverse_beta,0.1338,0.1353,False
17,10.0,0.1,adaptive_beta,0.1338,0.1353,False
15,20.0,0.05,institutional,0.1338,0.1353,False
3,30.0,0.075,adaptive_beta,0.1338,0.1353,False
37,15.0,0.025,institutional,0.1338,0.1353,False
18,40.0,0.01,inverse_beta,0.1338,0.1353,False
16,50.0,0.005,inverse_beta,0.1338,0.1353,False
4,5.14,1.33,inverse_beta,0.1338,0.1353,False
38,60.0,0.001,inverse_beta,0.1338,0.1353,False
19,70.0,0.0005,inverse_beta,0.1338,0.1353,False
17,80.0,0.0001,inverse_beta,0.1338,0.1353,False
5,10.0,0.005,institutional,0.1338,0.1353,False
39,20.0,0.1,adaptive_beta,0.1338,0.1353,False
20,30.0,0.2,adaptive_beta,0.1338,0.1353,False
18,40.0,0.3,adaptive_beta,0.1338,0.1353,False
6,50.0,0.4,adaptive_beta,0.1338,0.1353,False
40,60.0,0.5,adaptive_beta,0.1338,0.1353,False
21,70.0,0.6,adaptive_beta,0.1338,0.1353,False
19,80.0,0.7,adaptive_beta,0.1338,0.1353,False
7,90.0,0.8,adaptive_beta,0.1338,0.1353,False
41,100.0,0.9,adaptive_beta,0.1338,0.1353,False
1,0.7,0.3,adaptive_beta,0.1338,0.1353,False
22,110.0,1.0,adaptive_beta,0.1338,0.1353,False
20,0.9,0.5,adaptive_beta,0.1338,0.1353,False
8,0.95,0.7,adaptive_beta,0.1338,0.1353,False
42,0.95,0.7,institutional,0.1338,0.1353,False
2,0.7,0.3,inverse_beta,0.1338,0.1353,False
23,0.3,0.9,inverse_beta,0.1338,0.1353,False
21,0.5,0.5,adaptive_beta,0.1338,0.1353,False
9,0.8,0.2,inverse_beta,0.1338,0.1353,False
3,0.7,0.3,adaptive_beta,0.1338,0.1353,False
43,0.6,0.8,institutional,0.1338,0.1353,False
24,0.9,0.1,adaptive_beta,0.1338,0.1353,False
22,0.95,0.05,inverse_beta,0.1338,0.1353,False
10,0.98,0.01,institutional,0.1338,0.1353,False
4,8.22,0.84,adaptive_beta,0.1338,0.1353,False
44,0.0,0.99,adaptive_beta,0.1338,0.1353,False
25,0.5,0.5,adaptive_beta,0.1338,0.1353,False
11,0.25,0.75,adaptive_beta,0.1338,0.1353,False
23,0.75,0.25,adaptive_beta,0.1338,0.1353,False
1,0.99,0.9,adaptive_beta,0.1338,0.1353,False
2,1.0,0.1,institutional,0.1338,0.1353,False
3,0.1,0.5,adaptive_beta,0.1338,0.1353,False
4,10.0,0.9,inverse_beta,0.1338,0.1353,False
5,0.5,0.01,institutional,0.1338,0.1353,False
1,5.0,0.05,adaptive_beta,0.1338,0.1353,False
1,0.7,0.3,adaptive_beta,0.1338,0.1353,False
2,0.9,0.5,adaptive_beta,0.1338,0.1353,False
3,0.5,0.7,inverse_beta,0.1338,0.1353,False
4,0.7,0.7,institutional,0.1338,0.1353,False
5,0.9,0.9,institutional,0.1338,0.1353,False
1,0.7,0.6,adaptive_beta,0.1338,0.1353,False
2,0.9,0.7,institutional,0.1338,0.1353,False
3,0.5,0.5,inverse_beta,0.1338,0.1353,False
4,0.3,0.8,adaptive_beta,0.1338,0.1353,False
5,0.8,0.2,institutional,0.1338,0.1353,False
1,0.7,0.3,adaptive_beta,0.1338,0.1353,False
2,0.9,0.1,adaptive_beta,0.1338,0.1353,False
3,0.5,0.5,inverse_beta,0.1338,0.1353,False
4,0.3,0.7,institutional,0.1338,0.1353,False
5,0.7,0.7,adaptive_beta,0.1338,0.1353,False
1,0.7,0.3,adaptive_beta,0.1338,0.1353,False
2,0.9,0.2,adaptive_beta,0.1338,0.1353,False
3,0.95,0.15,adaptive_beta,0.1338,0.1353,False
4,0.98,0.1,adaptive_beta,0.1338,0.1353,False
5,0.99,0.05,adaptive_beta,0.1338,0.1353,False
1,0.7,0.3,adaptive_beta,0.1338,0.1353,False
2,0.9,0.4,adaptive_beta,0.1338,0.1353,False
3,0.95,0.5,adaptive_beta,0.1338,0.1353,False
4,0.8,0.2,inverse_beta,0.1338,0.1353,False
1,0.7,0.3,institutional,0.1338,0.1353,False,RQ-001
2,0.7,0.6,adaptive_beta,0.1338,0.1353,False,RQ-001
3,0.9,0.8,adaptive_beta,0.1338,0.1353,False,RQ-001
4,0.95,0.9,adaptive_beta,0.1338,0.1353,False,RQ-001
5,1.0,1.0,adaptive_beta,0.1338,0.1353,False,RQ-001
6,0.5,0.5,inverse_beta,0.1338,0.1353,False,RQ-001
7,0.7,0.3,adaptive_beta,0.1338,0.1353,False,RQ-001
8,0.9,0.5,adaptive_beta,0.1338,0.1353,False,RQ-001
9,0.95,0.7,adaptive_beta,0.1338,0.1353,False,RQ-001
10,0.95,0.9,inverse_beta,0.1338,0.1353,False,RQ-001
11,0.95,0.95,institutional,0.1338,0.1353,False,RQ-001
12,0.7,0.3,adaptive_beta,0.1338,0.1353,False,RQ-001
13,0.9,0.4,adaptive_beta,0.1338,0.1353,False,RQ-001
14,0.95,0.5,adaptive_beta,0.1338,0.1353,False,RQ-001
15,0.7,0.3,institutional,0.1338,0.1353,False,RQ-001
16,0.95,0.5,institutional,0.1338,0.1353,False,RQ-001
17,0.75,0.5,adaptive_beta,0.1338,0.1353,False,RQ-001
18,0.9,0.25,adaptive_beta,0.1338,0.1353,False,RQ-001
19,0.6,0.75,adaptive_beta,0.1338,0.1353,False,RQ-001
20,0.7,0.625,adaptive_beta,0.1338,0.1353,False,RQ-001
21,0.5,0.875,adaptive_beta,0.1338,0.1353,False,RQ-001
22,10.0,0.5,adaptive_beta,0.1338,0.1353,False,RQ-001
23,20.0,0.25,adaptive_beta,0.1338,0.1353,False,RQ-001
24,5.0,0.5,inverse_beta,0.1338,0.1353,False,RQ-001
25,1.0,0.1,institutional,0.1338,0.1353,False,RQ-001
26,10.0,1.0,adaptive_beta,0.1338,0.1353,False,RQ-001
27,0.7,0.6,adaptive_beta,0.1338,0.1353,False,RQ-001
28,0.9,0.8,adaptive_beta,0.1338,0.1353,False,RQ-001
29,0.95,0.9,adaptive_beta,0.1338,0.1353,False,RQ-001
30,0.98,0.99,adaptive_beta,0.1338,0.1353,False,RQ-001
31,0.2,0.7,inverse_beta,0.1338,0.1353,False,RQ-001
32,0.7,0.3,adaptive_beta,0.1338,0.1353,False,RQ-001
33,1.2,0.5,adaptive_beta,0.1338,0.1353,False,RQ-001
34,3.0,0.7,adaptive_beta,0.1338,0.1353,False,RQ-001
35,5.0,0.9,adaptive_beta,0.1338,0.1353,False,RQ-001
36,7.0,0.95,adaptive_beta,0.1338,0.1353,False,RQ-001
37,0.7,0.6,adaptive_beta,0.1338,0.1353,False,RQ-001
38,0.9,0.7,adaptive_beta,0.1338,0.1353,False,RQ-001
39,1.2,0.8,adaptive_beta,0.1338,0.1353,False,RQ-001
40,1.5,0.9,adaptive_beta,0.1338,0.1353,False,RQ-001
41,1.8,0.95,adaptive_beta,0.1338,0.1353,False,RQ-001
42,0.75,0.25,adaptive_beta,0.1338,0.1353,False,RQ-001
43,0.9,0.1,adaptive_beta,0.1338,0.1353,False,RQ-001
44,0.5,0.5,institutional,0.1338,0.1353,False,RQ-001
45,0.25,0.75,inverse_beta,0.1338,0.1353,False,RQ-001
46,0.9,0.1,institutional,0.1338,0.1353,False,RQ-001
47,0.7,0.3,adaptive_beta,0.1338,0.1353,False,RQ-001
48,0.9,0.4,adaptive_beta,0.1338,0.1353,False,RQ-001
49,0.95,0.5,adaptive_beta,0.1338,0.1353,False,RQ-001
50,0.8,0.6,institutional,0.1338,0.1353,False,RQ-001
1,0.7,0.3,adaptive_beta,0.1338,0.1353,False,RQ-001
2,0.9,0.5,adaptive_beta,0.1338,0.1353,False,RQ-001
3,0.95,0.7,adaptive_beta,0.1338,0.1353,False,RQ-001
4,0.97,0.8,adaptive_beta,0.1338,0.1353,False,RQ-001
5,0.99,0.9,adaptive_beta,0.1338,0.1353,False,RQ-001
6,0.7,0.3,adaptive_beta,0.1338,0.1353,False,RQ-001
7,0.9,0.5,adaptive_beta,0.1338,0.1353,False,RQ-001
8,0.95,0.7,adaptive_beta,0.1338,0.1353,False,RQ-001
9,0.05,0.1,inverse_beta,0.1338,0.1353,False,RQ-001
10,0.5,0.5,institutional,0.1338,0.1353,False,RQ-001
11,1.5,0.2,adaptive_beta,0.1338,0.1353,False,RQ-001
12,3.0,0.1,adaptive_beta,0.1338,0.1353,False,RQ-001
13,5.0,0.05,adaptive_beta,0.1338,0.1353,False,RQ-001
14,7.0,0.025,adaptive_beta,0.1338,0.1353,False,RQ-001
15,9.0,0.0125,adaptive_beta,0.1338,0.1353,False,RQ-001
16,0.7,0.3,adaptive_beta,0.1338,0.1353,False,RQ-001
17,0.9,0.5,adaptive_beta,0.1338,0.1353,False,RQ-001
18,0.95,0.7,adaptive_beta,0.1338,0.1353,False,RQ-001
19,0.99,0.9,adaptive_beta,0.1338,0.1353,False,RQ-001
20,8.49,3.26,tit_for_tat,0.1338,0.1353,False,RQ-001
21,0.7,0.3,adaptive_beta,0.1338,0.1353,False,RQ-001
22,1.0,0.5,adaptive_beta,0.1338,0.1353,False,RQ-001
23,2.0,0.7,adaptive_beta,0.1338,0.1353,False,RQ-001
24,3.0,0.9,adaptive_beta,0.1338,0.1353,False,RQ-001
25,4.0,1.0,adaptive_beta,0.1338,0.1353,False,RQ-001
26,0.7,0.3,adaptive_beta,0.1338,0.1353,False,RQ-001
27,0.9,0.5,adaptive_beta,0.1338,0.1353,False,RQ-001
28,0.7,0.3,inverse_beta,0.1338,0.1353,False,RQ-001
29,0.3,0.7,institutional,0.1338,0.1353,False,RQ-001
30,0.5,0.5,adaptive_beta,0.1338,0.1353,False,RQ-001
31,0.7,0.5,adaptive_beta,0.1338,0.1353,False,RQ-001
32,0.9,0.7,adaptive_beta,0.1338,0.1353,False,RQ-001
33,0.5,0.5,inverse_beta,0.1338,0.1353,False,RQ-001
34,0.7,0.7,institutional,0.1338,0.1353,False,RQ-001
35,0.9,0.9,institutional,0.1338,0.1353,False,RQ-001
36,0.7,0.3,adaptive_beta,0.1338,0.1353,False,RQ-001
37,0.9,0.4,adaptive_beta,0.1338,0.1353,False,RQ-001
38,0.9,0.3,inverse_beta,0.1338,0.1353,False,RQ-001
39,0.7,0.7,adaptive_beta,0.1338,0.1353,False,RQ-001
40,0.5,0.5,institutional,0.1338,0.1353,False,RQ-001
41,0.7,0.3,adaptive_beta,0.1338,0.1353,False,RQ-001
42,0.9,0.5,adaptive_beta,0.1338,0.1353,False,RQ-001
43,0.95,0.7,adaptive_beta,0.1338,0.1353,False,RQ-001
44,0.5,0.5,inverse_beta,0.1338,0.1353,False,RQ-001
45,0.3,0.7,inverse_beta,0.1338,0.1353,False,RQ-001
46,0.7,0.6,adaptive_beta,0.1338,0.1353,False,RQ-001
47,0.9,0.8,adaptive_beta,0.1338,0.1353,False,RQ-001
48,0.5,0.4,institutional,0.1338,0.1353,False,RQ-001
49,0.3,0.6,inverse_beta,0.1338,0.1353,False,RQ-001
50,0.7,0.2,adaptive_beta,0.1338,0.1353,False,RQ-001
1,0.7,0.3,adaptive_beta,0.1338,0.1353,False,RQ-004
2,0.9,0.5,adaptive_beta,0.1338,0.1353,False,RQ-004
3,0.95,0.7,adaptive_beta,0.1338,0.1353,False,RQ-004
4,0.2,0.3,inverse_beta,0.1338,0.1353,False,RQ-004
5,0.7,0.5,institutional,0.1338,0.1353,False,RQ-004
6,0.75,0.6,adaptive_beta,0.1338,0.1353,False,RQ-004
7,1.0,0.8,adaptive_beta,0.1338,0.1353,False,RQ-004
8,2.0,1.0,inverse_beta,0.1338,0.1353,False,RQ-004
9,3.0,1.2,inverse_beta,0.1338,0.1353,False,RQ-004
10,5.0,1.5,inverse_beta,0.1338,0.1353,False,RQ-004
11,0.7,0.3,adaptive_beta,0.1338,0.1353,False,RQ-004
12,0.9,0.1,adaptive_beta,0.1338,0.1353,False,RQ-004
13,0.5,0.5,institutional,0.1338,0.1353,False,RQ-004
14,0.3,0.7,inverse_beta,0.1338,0.1353,False,RQ-004
15,0.1,0.9,inverse_beta,0.1338,0.1353,False,RQ-004
16,0.7,0.6,adaptive_beta,0.1338,0.1353,False,RQ-004
17,0.9,0.8,adaptive_beta,0.1338,0.1353,False,RQ-004
18,0.5,0.5,institutional,0.1338,0.1353,False,RQ-004
19,0.7,0.7,inverse_beta,0.1338,0.1353,False,RQ-004
20,0.3,0.3,adaptive_beta,0.1338,0.1353,False,RQ-004
21,0.7,0.3,adaptive_beta,0.1338,0.1353,False,RQ-004
22,0.9,0.5,adaptive_beta,0.1338,0.1353,False,RQ-004
23,3.6,1.92,inverse_beta,0.1338,0.1353,False,RQ-004
24,0.5,0.1,institutional,0.1338,0.1353,False,RQ-004
25,0.7,0.7,institutional,0.1338,0.1353,False,RQ-004
26,0.75,0.25,adaptive_beta,0.1338,0.1353,False,RQ-004
27,0.9,0.35,adaptive_beta,0.1338,0.1353,False,RQ-004
28,0.5,0.5,inverse_beta,0.1338,0.1353,False,RQ-004
29,0.25,0.75,institutional,0.1338,0.1353,False,RQ-004
30,0.75,0.75,institutional,0.1338,0.1353,False,RQ-004
31,0.75,0.6,adaptive_beta,0.1338,0.1353,False,RQ-004
32,0.9,0.8,adaptive_beta,0.1338,0.1353,False,RQ-004
33,0.95,0.9,adaptive_beta,0.1338,0.1353,False,RQ-004
34,7.07,4.45,inverse_beta,0.1338,0.1353,False,RQ-004
35,0.85,0.7,adaptive_beta,0.1338,0.1353,False,RQ-004
36,0.7,0.3,adaptive_beta,0.1338,0.1353,False,RQ-004
37,0.9,0.5,inverse_beta,0.1338,0.1353,False,RQ-004
38,0.5,0.7,institutional,0.1338,0.1353,False,RQ-004
39,0.3,0.9,inverse_beta,0.1338,0.1353,False,RQ-004
40,0.7,0.9,adaptive_beta,0.1338,0.1353,False,RQ-004
1,0.7,0.3,adaptive_beta,0.1338,0.1353,False,RQ-005
2,0.9,0.5,adaptive_beta,0.1338,0.1353,False,RQ-005
3,0.95,0.7,adaptive_beta,0.1338,0.1353,False,RQ-005
4,0.8,0.3,inverse_beta,0.1338,0.1353,False,RQ-005
5,0.9,0.5,institutional,0.1338,0.1353,False,RQ-005
6,0.7,0.6,adaptive_beta,0.1338,0.1353,False,RQ-005
7,0.9,0.8,adaptive_beta,0.1338,0.1353,False,RQ-005
8,4.18,3.95,adaptive_beta,0.1338,0.1353,False,RQ-005
9,6.0,5.0,adaptive_beta,0.1338,0.1353,False,RQ-005
10,8.0,7.0,adaptive_beta,0.1338,0.1353,False,RQ-005
11,1.0,0.9,adaptive_beta,0.1338,0.1353,False,RQ-005
12,5.0,0.9,adaptive_beta,0.1338,0.1353,False,RQ-005
13,0.1,0.1,inverse_beta,0.1338,0.1353,False,RQ-005
14,0.7,3.17,adaptive_beta,0.1338,0.1353,False,RQ-005
15,3.0,0.5,adaptive_beta,0.1338,0.1353,False,RQ-005
16,0.7,0.6,adaptive_beta,0.1338,0.1353,False,RQ-005
17,0.9,0.7,adaptive_beta,0.1338,0.1353,False,RQ-005
18,1.1,0.8,adaptive_beta,0.1338,0.1353,False,RQ-005
19,1.3,0.9,adaptive_beta,0.1338,0.1353,False,RQ-005
20,1.5,1.0,adaptive_beta,0.1338,0.1353,False,RQ-005
21,1.0,0.1,adaptive_beta,0.1338,0.1353,False,RQ-005
22,0.1,0.9,adaptive_beta,0.1338,0.1353,False,RQ-005
23,1.0,0.5,inverse_beta,0.1338,0.1353,False,RQ-005
24,5.0,0.1,institutional,0.1338,0.1353,False,RQ-005
25,0.01,0.99,adaptive_beta,0.1338,0.1353,False,RQ-005
26,0.7,0.3,adaptive_beta,0.1338,0.1353,False,RQ-005
27,0.9,0.5,institutional,0.1338,0.1353,False,RQ-005
28,0.5,0.7,adaptive_beta,0.1338,0.1353,False,RQ-005
29,0.3,0.9,inverse_beta,0.1338,0.1353,False,RQ-005
30,0.7,0.7,adaptive_beta,0.1338,0.1353,False,RQ-005
31,0.7,0.3,adaptive_beta,0.1338,0.1353,False,RQ-005
32,0.9,0.5,adaptive_beta,0.1338,0.1353,False,RQ-005
33,0.95,0.7,adaptive_beta,0.1338,0.1353,False,RQ-005
34,0.99,0.9,adaptive_beta,0.1338,0.1353,False,RQ-005
35,0.5,0.5,inverse_beta,0.1338,0.1353,False,RQ-005
36,0.7,0.3,adaptive_beta,0.1338,0.1353,False,RQ-005
37,0.9,0.4,adaptive_beta,0.1338,0.1353,False,RQ-005
38,0.95,0.45,adaptive_beta,0.1338,0.1353,False,RQ-005
39,0.6,0.2,inverse_beta,0.1338,0.1353,False,RQ-005
40,0.5,0.15,institutional,0.1338,0.1353,False,RQ-005
1,0.7,0.3,adaptive_beta,0.1338,0.1353,False,RQ-006
2,0.9,0.4,adaptive_beta,0.1338,0.1353,False,RQ-006
3,0.95,0.5,adaptive_beta,0.1338,0.1353,False,RQ-006
4,0.95,0.6,institutional,0.1338,0.1353,False,RQ-006
5,0.95,0.7,institutional,0.1338,0.1353,False,RQ-006
6,0.7,0.3,adaptive_beta,0.1338,0.1353,False,RQ-006
7,0.9,0.5,adaptive_beta,0.1338,0.1353,False,RQ-006
8,0.3,0.7,inverse_beta,0.1338,0.1353,False,RQ-006
9,0.5,0.9,inverse_beta,0.1338,0.1353,False,RQ-006
10,0.7,0.9,institutional,0.1338,0.1353,False,RQ-006
11,1.0,0.5,adaptive_beta,0.1338,0.1353,False,RQ-006
12,0.5,1.0,inverse_beta,0.1338,0.1353,False,RQ-006
13,0.25,2.0,institutional,0.1338,0.1353,False,RQ-006
14,7.88,0.82,tit_for_tat,0.1338,0.1353,False,RQ-006
15,0.1,0.5,adaptive_beta,0.1338,0.1353,False,RQ-006
16,0.7,0.3,adaptive_beta,0.1338,0.1353,False,RQ-006
17,1.5,0.5,adaptive_beta,0.1338,0.1353,False,RQ-006
18,0.05,0.1,institutional,0.1338,0.1353,False,RQ-006
19,2.0,0.7,adaptive_beta,0.1338,0.1353,False,RQ-006
20,0.5,0.3,inverse_beta,0.1338,0.1353,False,RQ-006
21,0.7,0.3,adaptive_beta,0.1338,0.1353,False,RQ-006
22,0.9,0.5,adaptive_beta,0.1338,0.1353,False,RQ-006
1,3.81,0.44,institutional,0.0000,0.0000,False,RQ-006
23,0.5,0.7,inverse_beta,0.1338,0.1353,False,RQ-006
24,0.5,0.6,adaptive_beta,0.1338,0.1353,False,RQ-006
25,1.2,0.7,adaptive_beta,0.1338,0.1353,False,RQ-006
26,2.0,0.8,adaptive_beta,0.1338,0.1353,False,RQ-006
27,3.0,0.9,adaptive_beta,0.1338,0.1353,False,RQ-006
28,0.7,0.6,adaptive_beta,0.1338,0.1353,False,RQ-006
29,0.9,0.8,adaptive_beta,0.1338,0.1353,False,RQ-006
30,0.95,0.9,institutional,0.1338,0.1353,False,RQ-006
31,0.7,0.6,inverse_beta,0.1338,0.1353,False,RQ-006
32,0.9,0.95,institutional,0.1338,0.1353,False,RQ-006
33,0.7,0.3,adaptive_beta,0.1338,0.1353,False,RQ-006
2,0.82,1.87,institutional,0.0000,0.0000,False,RQ-006
3,8.71,1.55,institutional,0.0000,0.0000,False,RQ-006
4,4.48,0.51,institutional,0.0000,0.0000,False,RQ-006
5,5.81,2.83,institutional,0.0000,0.0000,False,RQ-006
6,5.16,1.18,inverse_beta,0.0000,0.0000,False,RQ-006
7,5.73,4.04,adaptive_beta,0.0000,0.0000,False,RQ-006
8,7.45,4.49,inverse_beta,0.0000,0.0000,False,RQ-006
9,6.84,4.0,institutional,0.0000,0.0000,False,RQ-006
34,1.5,0.5,adaptive_beta,0.1338,0.1353,False,RQ-006
35,4.5,2.5,adaptive_beta,0.1338,0.1353,False,RQ-006
36,5.0,3.0,institutional,0.1338,0.1353,False,RQ-006
37,6.0,3.5,adaptive_beta,0.1338,0.1353,False,RQ-006
38,7.0,4.0,institutional,0.1338,0.1353,False,RQ-006
39,0.7,0.6,adaptive_beta,0.1338,0.1353,False,RQ-006
40,0.9,0.7,institutional,0.1338,0.1353,False,RQ-006
1,0.5,0.8,inverse_beta,0.1338,0.1353,False,RQ-007
2,0.7,0.9,institutional,0.1338,0.1353,False,RQ-007
3,0.95,0.95,institutional,0.1338,0.1353,False,RQ-007
4,1.0,1.0,adaptive_beta,0.1338,0.1353,False,RQ-007
10,4.19,2.32,inverse_beta,0.0000,0.0000,False,RQ-006
5,0.1,0.1,inverse_beta,0.1338,0.1353,False,RQ-007
6,1.0,0.5,institutional,0.1338,0.1353,False,RQ-007
7,5.0,0.75,adaptive_beta,0.1338,0.1353,False,RQ-007
8,0.5,1.5,inverse_beta,0.1338,0.1353,False,RQ-007
9,2.5,0.625,adaptive_beta,0.1338,0.1353,False,RQ-007
10,0.7,0.6,adaptive_beta,0.1338,0.1353,False,RQ-007
11,0.9,0.7,inverse_beta,0.1338,0.1353,False,RQ-007
12,0.5,0.8,institutional,0.1338,0.1353,False,RQ-007
13,0.3,0.9,adaptive_beta,0.1338,0.1353,False,RQ-007
14,0.1,0.95,inverse_beta,0.1338,0.1353,False,RQ-007
15,0.7,0.6,adaptive_beta,0.1338,0.1353,False,RQ-007
11,9.9,1.17,inverse_beta,0.0000,0.0000,False,RQ-006
12,0.7,0.82,institutional,0.0000,0.0000,False,RQ-006
16,0.9,0.7,adaptive_beta,0.1338,0.1353,False,RQ-007
17,0.8,0.75,adaptive_beta,0.1338,0.1353,False,RQ-007
18,0.95,0.85,adaptive_beta,0.1338,0.1353,False,RQ-007
19,1.0,0.9,adaptive_beta,0.1338,0.1353,False,RQ-007
20,6.0,3.0,adaptive_beta,0.1338,0.1353,False,RQ-007
21,0.7,0.3,adaptive_beta,0.1338,0.1353,False,RQ-007
22,0.9,0.4,adaptive_beta,0.1338,0.1353,False,RQ-007
23,0.5,0.2,inverse_beta,0.1338,0.1353,False,RQ-007
24,0.7,0.6,institutional,0.1338,0.1353,False,RQ-007
13,0.43,1.33,inverse_beta,0.0000,0.0000,False,RQ-006
14,1.94,0.73,adaptive_beta,0.0000,0.0000,False,RQ-006
15,0.72,1.56,institutional,0.0000,0.0000,False,RQ-006
16,4.33,4.66,institutional,0.0000,0.0000,False,RQ-006
17,6.01,1.48,adaptive_beta,0.0000,0.0000,False,RQ-006
25,0.8,0.7,institutional,0.1338,0.1353,False,RQ-007
26,10.0,2.0,adaptive_beta,0.1338,0.1353,False,RQ-007
27,5.0,2.0,inverse_beta,0.1338,0.1353,False,RQ-007
28,2.5,2.0,adaptive_beta,0.1338,0.1353,False,RQ-007
29,1.0,4.0,adaptive_beta,0.1338,0.1353,False,RQ-007
30,0.7,0.3,adaptive_beta,0.1338,0.1353,False,RQ-007
31,0.9,0.1,adaptive_beta,0.1338,0.1353,False,RQ-007
18,7.89,2.58,institutional,0.0000,0.0000,False,RQ-006
32,0.95,0.05,adaptive_beta,0.1338,0.1353,False,RQ-007
33,0.95,0.01,adaptive_beta,0.1338,0.1353,False,RQ-007
34,0.95,0.01,institutional,0.1338,0.1353,False,RQ-007
35,0.85,0.01,inverse_beta,0.1338,0.1353,False,RQ-007
1,4.95,2.1,adaptive_beta,0.1170,0.1226,False,RQ-007
36,0.75,0.005,adaptive_beta,0.1338,0.1353,False,RQ-007
37,0.7,0.3,adaptive_beta,0.1338,0.1353,False,RQ-007
38,0.9,0.5,adaptive_beta,0.1338,0.1353,False,RQ-007
39,0.7,0.3,institutional,0.1338,0.1353,False,RQ-007
2,3.53,0.47,institutional,0.1170,0.1226,False,RQ-007
40,0.9,0.5,inverse_beta,0.1338,0.1353,False,RQ-007
1,1.0,0.5,adaptive_beta,0.1338,0.1353,False,RQ-008
2,0.1,0.1,adaptive_beta,0.1338,0.1353,False,RQ-008
3,10.0,0.5,institutional,0.1338,0.1353,False,RQ-008
4,0.1,0.1,inverse_beta,0.1338,0.1353,False,RQ-008
3,8.19,2.18,inverse_beta,0.1170,0.1226,False,RQ-007
5,5.0,0.9,adaptive_beta,0.1338,0.1353,False,RQ-008
6,10.0,1.0,adaptive_beta,0.1338,0.1353,False,RQ-008
7,5.0,2.0,inverse_beta,0.1338,0.1353,False,RQ-008
8,1.0,5.0,institutional,0.1338,0.1353,False,RQ-008
9,10.0,0.5,adaptive_beta,0.1338,0.1353,False,RQ-008
4,7.74,1.3,institutional,0.1170,0.1226,False,RQ-007
10,2.5,1.0,inverse_beta,0.1338,0.1353,False,RQ-008
11,0.7,0.6,adaptive_beta,0.1338,0.1353,False,RQ-008
12,0.9,0.8,adaptive_beta,0.1338,0.1353,False,RQ-008
13,0.5,0.7,inverse_beta,0.1338,0.1353,False,RQ-008
5,8.65,2.74,inverse_beta,0.1170,0.1226,False,RQ-007
14,0.7,0.8,institutional,0.1338,0.1353,False,RQ-008
15,0.7,0.3,adaptive_beta,0.1338,0.1353,False,RQ-008
16,0.9,0.5,adaptive_beta,0.1338,0.1353,False,RQ-008
17,0.95,0.7,adaptive_beta,0.1338,0.1353,False,RQ-008
18,0.8,0.6,institutional,0.1338,0.1353,False,RQ-008
6,6.26,2.05,institutional,0.1170,0.1226,False,RQ-007
19,0.7,0.3,inverse_beta,0.1338,0.1353,False,RQ-008
20,0.7,0.3,adaptive_beta,0.1338,0.1353,False,RQ-008
21,0.9,0.5,adaptive_beta,0.1338,0.1353,False,RQ-008
22,0.95,0.7,adaptive_beta,0.1338,0.1353,False,RQ-008
7,8.39,3.84,adaptive_beta,0.1170,0.1226,False,RQ-007
23,0.1,0.3,institutional,0.1338,0.1353,False,RQ-008
24,0.7,0.6,adaptive_beta,0.1338,0.1353,False,RQ-008
25,0.9,0.7,adaptive_beta,0.1338,0.1353,False,RQ-008
26,0.5,0.8,institutional,0.1338,0.1353,False,RQ-008
27,0.7,0.9,institutional,0.1338,0.1353,False,RQ-008
8,2.87,0.34,adaptive_beta,0.1170,0.1226,False,RQ-007
28,0.9,0.95,institutional,0.1338,0.1353,False,RQ-008
29,8.0,3.01,adaptive_beta,0.1338,0.1353,False,RQ-008
30,4.0,5.0,inverse_beta,0.1338,0.1353,False,RQ-008
31,1.0,7.0,inverse_beta,0.1338,0.1353,False,RQ-008
9,6.23,3.01,institutional,0.1170,0.1226,False,RQ-007
32,10.0,1.0,institutional,0.1338,0.1353,False,RQ-008
33,1.0,1.0,institutional,0.1338,0.1353,False,RQ-008
34,0.5,2.0,adaptive_beta,0.1338,0.1353,False,RQ-008
35,1.0,0.5,inverse_beta,0.1338,0.1353,False,RQ-008
36,0.75,4.0,adaptive_beta,0.1338,0.1353,False,RQ-008
10,5.41,1.75,adaptive_beta,0.1170,0.1226,False,RQ-007
37,0.25,0.25,adaptive_beta,0.1338,0.1353,False,RQ-008
38,0.7,0.3,adaptive_beta,0.1338,0.1353,False,RQ-008
39,0.9,0.5,adaptive_beta,0.1338,0.1353,False,RQ-008
40,0.7,0.3,institutional,0.1338,0.1353,False,RQ-008
1,0.5,0.7,inverse_beta,0.1338,0.1353,False,RQ-009
11,7.56,1.64,adaptive_beta,0.1170,0.1226,False,RQ-007
2,0.9,0.9,institutional,0.1338,0.1353,False,RQ-009
3,0.75,0.25,adaptive_beta,0.1338,0.1353,False,RQ-009
4,0.9,0.35,adaptive_beta,0.1338,0.1353,False,RQ-009
5,0.95,0.4,adaptive_beta,0.1338,0.1353,False,RQ-009
12,1.64,3.88,inverse_beta,0.1170,0.1226,False,RQ-007
6,0.5,0.25,institutional,0.1338,0.1353,False,RQ-009
7,0.7,0.3,adaptive_beta,0.1338,0.1353,False,RQ-009
8,0.9,0.5,adaptive_beta,0.1338,0.1353,False,RQ-009
9,0.5,0.7,inverse_beta,0.1338,0.1353,False,RQ-009
10,0.7,0.7,institutional,0.1338,0.1353,False,RQ-009
11,0.3,0.5,institutional,0.1338,0.1353,False,RQ-009
12,0.7,0.6,adaptive_beta,0.1338,0.1353,False,RQ-009
13,0.9,0.8,institutional,0.1338,0.1353,False,RQ-009
14,0.5,0.7,inverse_beta,0.1338,0.1353,False,RQ-009
13,7.22,2.01,inverse_beta,0.1170,0.1226,False,RQ-007
15,0.2,0.6,adaptive_beta,0.1338,0.1353,False,RQ-009
16,0.7,0.6,adaptive_beta,0.1338,0.1353,False,RQ-009
17,0.9,0.8,adaptive_beta,0.1338,0.1353,False,RQ-009
18,0.95,0.9,institutional,0.1338,0.1353,False,RQ-009
19,0.98,0.95,inverse_beta,0.1338,0.1353,False,RQ-009
20,0.99,0.99,institutional,0.1338,0.1353,False,RQ-009
21,0.7,0.3,adaptive_beta,0.1338,0.1353,False,RQ-009
22,0.9,0.5,adaptive_beta,0.1338,0.1353,False,RQ-009
23,0.7,0.7,inverse_beta,0.1338,0.1353,False,RQ-009
24,0.5,0.9,inverse_beta,0.1338,0.1353,False,RQ-009
25,0.3,0.95,institutional,0.1338,0.1353,False,RQ-009
26,0.7,0.3,adaptive_beta,0.1338,0.1353,False,RQ-009
27,0.9,0.5,adaptive_beta,0.1338,0.1353,False,RQ-009
28,0.95,0.7,adaptive_beta,0.1338,0.1353,False,RQ-009
29,0.7,0.3,inverse_beta,0.1338,0.1353,False,RQ-009
30,6.4,4.32,inverse_beta,0.1338,0.1353,False,RQ-009
31,0.7,0.6,adaptive_beta,0.1338,0.1353,False,RQ-009
32,0.9,0.8,adaptive_beta,0.1338,0.1353,False,RQ-009
33,0.5,0.7,institutional,0.1338,0.1353,False,RQ-009
14,5.93,4.77,adaptive_beta,0.1170,0.1226,False,RQ-007
34,0.3,0.9,inverse_beta,0.1338,0.1353,False,RQ-009
35,0.7,0.3,adaptive_beta,0.1338,0.1353,False,RQ-009
36,0.9,0.4,adaptive_beta,0.1338,0.1353,False,RQ-009
37,0.7,0.3,institutional,0.1338,0.1353,False,RQ-009
38,0.9,0.4,inverse_beta,0.1338,0.1353,False,RQ-009
39,0.5,0.5,adaptive_beta,0.1338,0.1353,False,RQ-009
40,0.7,0.3,adaptive_beta,0.1338,0.1353,False,RQ-009
1,0.9,0.5,adaptive_beta,0.1338,0.1353,False,RQ-010
2,0.95,0.6,adaptive_beta,0.1338,0.1353,False,RQ-010
3,1.0,0.7,adaptive_beta,0.1338,0.1353,False,RQ-010
4,0.5,0.5,inverse_beta,0.1338,0.1353,False,RQ-010
5,0.7,0.6,adaptive_beta,0.1338,0.1353,False,RQ-010
6,0.9,0.8,adaptive_beta,0.1338,0.1353,False,RQ-010
7,0.5,0.7,institutional,0.1338,0.1353,False,RQ-010
8,0.3,0.9,inverse_beta,0.1338,0.1353,False,RQ-010
9,1.52,0.33,tit_for_tat,0.1338,0.1353,False,RQ-010
10,0.7,0.3,adaptive_beta,0.1338,0.1353,False,RQ-010
11,0.9,0.5,adaptive_beta,0.1338,0.1353,False,RQ-010
12,0.95,0.7,adaptive_beta,0.1338,0.1353,False,RQ-010
13,0.1,0.3,institutional,0.1338,0.1353,False,RQ-010
15,5.11,4.19,institutional,0.1170,0.1226,False,RQ-007
14,0.3,0.5,inverse_beta,0.1338,0.1353,False,RQ-010
15,0.7,0.3,adaptive_beta,0.1338,0.1353,False,RQ-010
16,0.9,0.5,adaptive_beta,0.1338,0.1353,False,RQ-010
17,0.9,0.7,inverse_beta,0.1338,0.1353,False,RQ-010
18,0.9,0.9,institutional,0.1338,0.1353,False,RQ-010
19,0.9,0.9,adaptive_beta,0.1338,0.1353,False,RQ-010
20,0.7,0.3,adaptive_beta,0.1338,0.1353,False,RQ-010
21,0.9,0.5,inverse_beta,0.1338,0.1353,False,RQ-010
22,0.95,0.7,institutional,0.1338,0.1353,False,RQ-010
23,0.8,0.4,adaptive_beta,0.1338,0.1353,False,RQ-010
24,0.6,0.2,adaptive_beta,0.1338,0.1353,False,RQ-010
25,0.7,0.6,adaptive_beta,0.1338,0.1353,False,RQ-010
26,0.9,0.7,adaptive_beta,0.1338,0.1353,False,RQ-010
27,0.95,0.8,adaptive_beta,0.1338,0.1353,False,RQ-010
28,0.98,0.9,adaptive_beta,0.1338,0.1353,False,RQ-010
1,0.7,0.3,adaptive_beta,0.1170,0.1226,False,RQ-009
29,0.99,0.95,institutional,0.1338,0.1353,False,RQ-010
30,0.7,0.3,adaptive_beta,0.1338,0.1353,False,RQ-010
31,1.5,0.5,institutional,0.1338,0.1353,False,RQ-010
32,0.05,0.8,inverse_beta,0.1338,0.1353,False,RQ-010
33,5.0,0.6,adaptive_beta,0.1338,0.1353,False,RQ-010
34,0.01,0.9,inverse_beta,0.1338,0.1353,False,RQ-010
16,8.95,2.53,inverse_beta,0.1170,0.1226,False,RQ-007
35,0.75,0.25,adaptive_beta,0.1338,0.1353,False,RQ-010
36,0.9,0.2,adaptive_beta,0.1338,0.1353,False,RQ-010
37,1.2,0.15,adaptive_beta,0.1338,0.1353,False,RQ-010
38,1.5,0.1,adaptive_beta,0.1338,0.1353,False,RQ-010
39,0.7,0.6,adaptive_beta,0.1338,0.1353,False,RQ-010
40,0.9,0.7,adaptive_beta,0.1338,0.1353,False,RQ-010
1,0.95,0.8,adaptive_beta,0.1338,0.1353,False,RQ-011
2,0.9,0.6,inverse_beta,0.1338,0.1353,False,RQ-011
3,0.95,0.85,adaptive_beta,0.1338,0.1353,False,RQ-011
4,0.7,0.3,adaptive_beta,0.1338,0.1353,False,RQ-011
5,0.9,0.5,institutional,0.1338,0.1353,False,RQ-011
6,0.5,0.7,adaptive_beta,0.1338,0.1353,False,RQ-011
7,0.7,0.9,inverse_beta,0.1338,0.1353,False,RQ-011
8,0.3,0.95,adaptive_beta,0.1338,0.1353,False,RQ-011
9,0.75,0.5,adaptive_beta,0.1338,0.1353,False,RQ-011
10,0.9,0.25,adaptive_beta,0.1338,0.1353,False,RQ-011
11,0.5,0.75,inverse_beta,0.1338,0.1353,False,RQ-011
12,0.9,0.1,institutional,0.1338,0.1353,False,RQ-011
1,0.3,0.8,adaptive_beta,0.1170,0.1226,False,RQ-011
13,0.3,0.9,adaptive_beta,0.1338,0.1353,False,RQ-011
14,1.0,0.1,adaptive_beta,0.1338,0.1353,False,RQ-011
15,0.5,0.2,adaptive_beta,0.1338,0.1353,False,RQ-011
16,0.25,0.4,adaptive_beta,0.1338,0.1353,False,RQ-011
2,0.5,0.5,adaptive_beta,0.1170,0.1226,False,RQ-011
17,0.125,0.8,adaptive_beta,0.1338,0.1353,False,RQ-011
18,0.7,0.6,adaptive_beta,0.1338,0.1353,False,RQ-011
19,0.9,0.7,inverse_beta,0.1338,0.1353,False,RQ-011
20,0.5,0.8,institutional,0.1338,0.1353,False,RQ-011
21,0.7,0.9,inverse_beta,0.1338,0.1353,False,RQ-011
3,0.0625,1.6,adaptive_beta,0.1170,0.1226,False,RQ-011
22,0.3,0.95,inverse_beta,0.1338,0.1353,False,RQ-011
23,0.7,0.3,adaptive_beta,0.1338,0.1353,False,RQ-011
24,0.9,0.5,inverse_beta,0.1338,0.1353,False,RQ-011
25,0.5,0.7,institutional,0.1338,0.1353,False,RQ-011
4,0.3,0.95,inverse_beta,0.1170,0.1226,False,RQ-011
26,0.3,0.9,inverse_beta,0.1338,0.1353,False,RQ-011
27,0.75,0.25,adaptive_beta,0.1338,0.1353,False,RQ-011
28,0.9,0.2,inverse_beta,0.1338,0.1353,False,RQ-011
29,0.95,0.1,institutional,0.1338,0.1353,False,RQ-011
5,0.7,0.7,adaptive_beta,0.1170,0.1226,False,RQ-011
30,0.98,0.05,institutional,0.1338,0.1353,False,RQ-011
31,1.0,0.5,institutional,0.1338,0.1353,False,RQ-011
32,0.5,1.0,adaptive_beta,0.1338,0.1353,False,RQ-011
33,0.1,2.0,adaptive_beta,0.1338,0.1353,False,RQ-011
6,0.99,0.01,institutional,0.1170,0.1226,False,RQ-011
34,0.01,5.0,adaptive_beta,0.1338,0.1353,False,RQ-011
35,0.75,0.6,adaptive_beta,0.1338,0.1353,False,RQ-011
36,0.9,0.8,adaptive_beta,0.1338,0.1353,False,RQ-011
37,0.95,0.9,inverse_beta,0.1338,0.1353,False,RQ-011
38,0.99,1.0,institutional,0.1338,0.1353,False,RQ-011
7,0.01,5.0,institutional,0.1170,0.1226,False,RQ-011
39,9.77,1.58,adaptive_beta,0.1338,0.1353,False,RQ-011
40,0.7,0.3,adaptive_beta,0.1338,0.1353,False,RQ-011
1,0.9,0.5,adaptive_beta,0.1338,0.1353,False,RQ-012
2,0.95,0.7,adaptive_beta,0.1338,0.1353,False,RQ-012
8,0.5,0.7,adaptive_beta,0.1170,0.1226,False,RQ-011
3,0.7,0.3,institutional,0.1338,0.1353,False,RQ-012
4,0.7,0.3,adaptive_beta,0.1338,0.1353,False,RQ-012
5,0.9,0.5,adaptive_beta,0.1338,0.1353,False,RQ-012
6,0.5,0.7,institutional,0.1338,0.1353,False,RQ-012
9,0.7,0.3,institutional,0.1170,0.1226,False,RQ-011
7,0.7,0.3,inverse_beta,0.1338,0.1353,False,RQ-012
8,1.5,0.5,adaptive_beta,0.1338,0.1353,False,RQ-012
9,2.0,0.25,adaptive_beta,0.1338,0.1353,False,RQ-012
10,3.0,0.1,adaptive_beta,0.1338,0.1353,False,RQ-012
11,4.0,0.05,adaptive_beta,0.1338,0.1353,False,RQ-012
10,0.3,0.5,adaptive_beta,0.1170,0.1226,False,RQ-011
12,5.0,0.01,adaptive_beta,0.1338,0.1353,False,RQ-012
13,0.7,0.3,adaptive_beta,0.1338,0.1353,False,RQ-012
14,0.9,0.4,adaptive_beta,0.1338,0.1353,False,RQ-012
15,0.95,0.5,adaptive_beta,0.1338,0.1353,False,RQ-012
16,0.98,0.6,adaptive_beta,0.1338,0.1353,False,RQ-012
11,0.1,1.0,institutional,0.1170,0.1226,False,RQ-011
17,0.99,0.7,adaptive_beta,0.1338,0.1353,False,RQ-012
18,5.0,2.0,institutional,0.1338,0.1353,False,RQ-012
19,1.0,0.5,inverse_beta,0.1338,0.1353,False,RQ-012
20,0.5,0.25,adaptive_beta,0.1338,0.1353,False,RQ-012
21,2.0,1.0,institutional,0.1338,0.1353,False,RQ-012
12,1.0,1.0,adaptive_beta,0.1170,0.1226,False,RQ-011
22,0.75,0.25,adaptive_beta,0.1338,0.1353,False,RQ-012
23,4.0,1.0,institutional,0.1338,0.1353,False,RQ-012
24,5.0,1.0,institutional,0.1338,0.1353,False,RQ-012
25,6.0,1.0,institutional,0.1338,0.1353,False,RQ-012
26,0.7,0.6,adaptive_beta,0.1338,0.1353,False,RQ-012
13,3.0,1.0,institutional,0.1170,0.1226,False,RQ-011
27,0.8,0.7,adaptive_beta,0.1338,0.1353,False,RQ-012
28,1.0,0.9,adaptive_beta,0.1338,0.1353,False,RQ-012
29,1.1,1.0,adaptive_beta,0.1338,0.1353,False,RQ-012
30,0.7,0.3,adaptive_beta,0.1338,0.1353,False,RQ-012
31,0.9,0.4,adaptive_beta,0.1338,0.1353,False,RQ-012
14,0.9,0.8,adaptive_beta,0.1170,0.1226,False,RQ-011
32,0.95,0.5,adaptive_beta,0.1338,0.1353,False,RQ-012
33,0.95,0.5,inverse_beta,0.1338,0.1353,False,RQ-012
34,0.7,0.3,adaptive_beta,0.1338,0.1353,False,RQ-012
35,0.9,0.1,adaptive_beta,0.1338,0.1353,False,RQ-012
15,0.95,0.5,institutional,0.1170,0.1226,False,RQ-011
36,0.5,0.5,institutional,0.1338,0.1353,False,RQ-012
37,0.7,0.3,inverse_beta,0.1338,0.1353,False,RQ-012
38,0.7,0.6,adaptive_beta,0.1338,0.1353,False,RQ-012
39,0.9,0.8,adaptive_beta,0.1338,0.1353,False,RQ-012
40,0.5,0.5,inverse_beta,0.1338,0.1353,False,RQ-012
16,0.7,0.3,institutional,0.1170,0.1226,False,RQ-011
1,1.08,4.19,tit_for_tat,0.1338,0.1353,False,RQ-013
2,0.7,0.3,adaptive_beta,0.1338,0.1353,False,RQ-013
3,0.9,0.5,adaptive_beta,0.1338,0.1353,False,RQ-013
4,0.5,0.7,inverse_beta,0.1338,0.1353,False,RQ-013
5,0.7,0.3,institutional,0.1338,0.1353,False,RQ-013
17,0.75,0.75,adaptive_beta,0.1170,0.1226,False,RQ-011
6,0.3,0.9,inverse_beta,0.1338,0.1353,False,RQ-013
7,0.7,0.3,adaptive_beta,0.1338,0.1353,False,RQ-013
8,0.9,0.2,inverse_beta,0.1338,0.1353,False,RQ-013
9,0.5,0.5,institutional,0.1338,0.1353,False,RQ-013
18,0.9,0.1,adaptive_beta,0.1170,0.1226,False,RQ-011
10,0.7,0.3,adaptive_beta,0.1338,0.1353,False,RQ-013
11,0.7,0.3,adaptive_beta,0.1338,0.1353,False,RQ-013
12,0.9,0.2,inverse_beta,0.1338,0.1353,False,RQ-013
13,0.5,0.5,institutional,0.1338,0.1353,False,RQ-013
14,0.7,0.3,adaptive_beta,0.1338,0.1353,False,RQ-013
19,0.3,0.7,adaptive_beta,0.1170,0.1226,False,RQ-011
15,0.3,0.7,inverse_beta,0.1338,0.1353,False,RQ-013
16,1.5,0.7,adaptive_beta,0.1338,0.1353,False,RQ-013
17,2.5,0.9,adaptive_beta,0.1338,0.1353,False,RQ-013
18,3.5,0.95,adaptive_beta,0.1338,0.1353,False,RQ-013
19,4.5,0.98,adaptive_beta,0.1338,0.1353,False,RQ-013
20,0.1,0.3,adaptive_beta,0.1170,0.1226,False,RQ-011
20,5.5,0.99,adaptive_beta,0.1338,0.1353,False,RQ-013
21,0.7,0.3,adaptive_beta,0.1338,0.1353,False,RQ-013
22,0.9,0.4,adaptive_beta,0.1338,0.1353,False,RQ-013
23,0.7,0.3,institutional,0.1338,0.1353,False,RQ-013
24,0.9,0.4,institutional,0.1338,0.1353,False,RQ-013
21,6.5,1.0,adaptive_beta,0.1170,0.1226,False,RQ-011
25,0.95,0.45,institutional,0.1338,0.1353,False,RQ-013
26,1.0,0.1,institutional,0.1338,0.1353,False,RQ-013
27,0.1,0.01,adaptive_beta,0.1338,0.1353,False,RQ-013
28,10.0,0.1,inverse_beta,0.1338,0.1353,False,RQ-013
22,0.8,0.35,adaptive_beta,0.1170,0.1226,False,RQ-011
29,0.1,0.001,adaptive_beta,0.1338,0.1353,False,RQ-013
30,0.7,0.6,adaptive_beta,0.1338,0.1353,False,RQ-013
31,0.9,0.7,institutional,0.1338,0.1353,False,RQ-013
32,0.95,0.8,institutional,0.1338,0.1353,False,RQ-013
33,0.05,0.9,adaptive_beta,0.1338,0.1353,False,RQ-013
23,1.0,0.1,institutional,0.1170,0.1226,False,RQ-011
34,0.01,0.95,adaptive_beta,0.1338,0.1353,False,RQ-013
35,5.0,2.0,inverse_beta,0.1338,0.1353,False,RQ-013
36,1.0,1.0,institutional,0.1338,0.1353,False,RQ-013
37,0.5,0.5,adaptive_beta,0.1338,0.1353,False,RQ-013
24,1.0,1.0,adaptive_beta,0.1170,0.1226,False,RQ-011
38,2.0,2.0,inverse_beta,0.1338,0.1353,False,RQ-013
39,0.7,0.6,adaptive_beta,0.1338,0.1353,False,RQ-013
40,0.9,0.7,adaptive_beta,0.1338,0.1353,False,RQ-013
1,0.95,0.8,adaptive_beta,0.1338,0.1353,False,RQ-014
25,3.0,3.0,inverse_beta,0.1170,0.1226,False,RQ-011
2,2.86,0.65,tit_for_tat,0.1338,0.1353,False,RQ-014
3,0.7,0.3,adaptive_beta,0.1338,0.1353,False,RQ-014
4,0.9,0.5,adaptive_beta,0.1338,0.1353,False,RQ-014
5,0.5,0.7,institutional,0.1338,0.1353,False,RQ-014
6,0.3,0.9,inverse_beta,0.1338,0.1353,False,RQ-014
26,3.0,0.7,tit_for_tat,0.1170,0.1226,False,RQ-011
7,0.7,0.3,adaptive_beta,0.1338,0.1353,False,RQ-014
8,0.7,0.3,adaptive_beta,0.1338,0.1353,False,RQ-014
9,0.9,0.5,adaptive_beta,0.1338,0.1353,False,RQ-014
10,0.95,0.7,institutional,0.1338,0.1353,False,RQ-014
27,0.8,0.4,adaptive_beta,0.1170,0.1226,False,RQ-011
11,2.24,1.91,inverse_beta,0.1338,0.1353,False,RQ-014
12,0.75,0.25,adaptive_beta,0.1338,0.1353,False,RQ-014
13,0.5,0.5,adaptive_beta,0.1338,0.1353,False,RQ-014
14,0.25,0.75,adaptive_beta,0.1338,0.1353,False,RQ-014
15,0.1,1.0,adaptive_beta,0.1338,0.1353,False,RQ-014
28,2.5,2.0,inverse_beta,0.1170,0.1226,False,RQ-011
16,0.5,0.5,inverse_beta,0.1338,0.1353,False,RQ-014
17,0.7,0.3,adaptive_beta,0.1338,0.1353,False,RQ-014
18,2.0,0.5,adaptive_beta,0.1338,0.1353,False,RQ-014
19,5.0,0.7,adaptive_beta,0.1338,0.1353,False,RQ-014
29,0.75,0.75,inverse_beta,0.1170,0.1226,False,RQ-011
20,8.0,0.9,adaptive_beta,0.1338,0.1353,False,RQ-014
21,0.75,0.6,adaptive_beta,0.1338,0.1353,False,RQ-014
22,0.9,0.8,adaptive_beta,0.1338,0.1353,False,RQ-014
23,0.5,0.9,inverse_beta,0.1338,0.1353,False,RQ-014
24,0.75,0.7,institutional,0.1338,0.1353,False,RQ-014
30,10.0,1.0,adaptive_beta,0.1170,0.1226,False,RQ-011
25,0.95,0.95,adaptive_beta,0.1338,0.1353,False,RQ-014
26,0.7,0.3,adaptive_beta,0.1338,0.1353,False,RQ-014
27,0.9,0.5,adaptive_beta,0.1338,0.1353,False,RQ-014
28,0.5,0.7,inverse_beta,0.1338,0.1353,False,RQ-014
31,0.85,0.9,adaptive_beta,0.1170,0.1226,False,RQ-011
29,0.3,0.9,institutional,0.1338,0.1353,False,RQ-014
30,0.7,0.3,adaptive_beta,0.1338,0.1353,False,RQ-014
31,0.9,0.2,adaptive_beta,0.1338,0.1353,False,RQ-014
32,0.95,0.15,adaptive_beta,0.1338,0.1353,False,RQ-014
32,0.7,0.7,institutional,0.1170,0.1226,False,RQ-011
33,0.98,0.12,adaptive_beta,0.1338,0.1353,False,RQ-014
34,0.7,0.3,adaptive_beta,0.1338,0.1353,False,RQ-014
35,0.9,0.5,inverse_beta,0.1338,0.1353,False,RQ-014
36,0.5,0.7,institutional,0.1338,0.1353,False,RQ-014
37,0.3,0.9,adaptive_beta,0.1338,0.1353,False,RQ-014
33,0.05,0.3,inverse_beta,0.1170,0.1226,False,RQ-011
38,0.7,0.3,inverse_beta,0.1338,0.1353,False,RQ-014
39,5.0,2.0,inverse_beta,0.1338,0.1353,False,RQ-014
40,10.0,5.0,institutional,0.1338,0.1353,False,RQ-014
1,0.01,10.0,adaptive_beta,0.1338,0.1353,False,RQ-015
1,1.0,1.0,adaptive_beta,0.1170,0.1226,False,RQ-012
2,0.1,1.0,inverse_beta,0.1338,0.1353,False,RQ-015
3,1.0,0.5,adaptive_beta,0.1338,0.1353,False,RQ-015
4,0.1,0.5,adaptive_beta,0.1338,0.1353,False,RQ-015
5,5.0,0.5,adaptive_beta,0.1338,0.1353,False,RQ-015
6,0.5,0.8,inverse_beta,0.1338,0.1353,False,RQ-015
2,1.0,0.5,adaptive_beta,0.1170,0.1226,False,RQ-012
7,0.5,0.2,institutional,0.1338,0.1353,False,RQ-015
8,0.7,0.3,adaptive_beta,0.1338,0.1353,False,RQ-015
9,0.9,0.5,adaptive_beta,0.1338,0.1353,False,RQ-015
10,0.5,0.7,institutional,0.1338,0.1353,False,RQ-015
3,0.5,0.2,institutional,0.1170,0.1226,False,RQ-012
11,0.3,0.9,inverse_beta,0.1338,0.1353,False,RQ-015
12,0.7,0.6,adaptive_beta,0.1338,0.1353,False,RQ-015
13,0.9,0.8,adaptive_beta,0.1338,0.1353,False,RQ-015
14,0.5,0.9,inverse_beta,0.1338,0.1353,False,RQ-015
15,0.7,0.7,institutional,0.1338,0.1353,False,RQ-015
4,0.7,0.9,institutional,0.1170,0.1226,False,RQ-012
16,0.9,0.9,institutional,0.1338,0.1353,False,RQ-015
17,0.7,0.3,adaptive_beta,0.1338,0.1353,False,RQ-015
18,1.0,0.5,adaptive_beta,0.1338,0.1353,False,RQ-015
19,2.0,0.7,adaptive_beta,0.1338,0.1353,False,RQ-015
5,0.3,0.9,adaptive_beta,0.1170,0.1226,False,RQ-012
20,4.0,0.9,adaptive_beta,0.1338,0.1353,False,RQ-015
21,0.7,0.3,adaptive_beta,0.1338,0.1353,False,RQ-015
22,0.9,0.1,inverse_beta,0.1338,0.1353,False,RQ-015
23,0.5,0.5,institutional,0.1338,0.1353,False,RQ-015
6,6.0,1.1,adaptive_beta,0.1170,0.1226,False,RQ-012
24,0.1,0.9,adaptive_beta,0.1338,0.1353,False,RQ-015
25,1.0,0.5,adaptive_beta,0.1338,0.1353,False,RQ-015
26,0.5,1.0,inverse_beta,0.1338,0.1353,False,RQ-015
27,2.0,0.25,institutional,0.1338,0.1353,False,RQ-015
28,0.75,0.75,adaptive_beta,0.1338,0.1353,False,RQ-015
7,0.3,0.7,adaptive_beta,0.1170,0.1226,False,RQ-012
29,0.25,0.9,inverse_beta,0.1338,0.1353,False,RQ-015
30,0.7,0.6,adaptive_beta,0.1338,0.1353,False,RQ-015
31,0.9,0.8,adaptive_beta,0.1338,0.1353,False,RQ-015
32,0.42,4.53,inverse_beta,0.1338,0.1353,False,RQ-015
8,0.5,0.5,inverse_beta,0.1170,0.1226,False,RQ-012
33,0.7,0.6,institutional,0.1338,0.1353,False,RQ-015
34,0.7,0.3,adaptive_beta,0.1338,0.1353,False,RQ-015
35,1.5,0.5,inverse_beta,0.1338,0.1353,False,RQ-015
36,2.5,0.7,inverse_beta,0.1338,0.1353,False,RQ-015
9,0.7,0.6,institutional,0.1170,0.1226,False,RQ-012
37,3.5,0.9,inverse_beta,0.1338,0.1353,False,RQ-015
38,0.75,0.25,adaptive_beta,0.1338,0.1353,False,RQ-015
39,0.9,0.3,adaptive_beta,0.1338,0.1353,False,RQ-015
40,0.5,0.5,institutional,0.1338,0.1353,False,RQ-015
10,4.5,1.0,inverse_beta,0.1170,0.1226,False,RQ-012
1,0.9,0.1,inverse_beta,0.1338,0.1353,False,RQ-016
2,0.7,0.3,adaptive_beta,0.1338,0.1353,False,RQ-016
3,0.9,0.5,adaptive_beta,0.1338,0.1353,False,RQ-016
4,0.5,0.7,institutional,0.1338,0.1353,False,RQ-016
5,0.7,0.9,inverse_beta,0.1338,0.1353,False,RQ-016
11,0.7,0.7,adaptive_beta,0.1170,0.1226,False,RQ-012
6,0.9,0.9,institutional,0.1338,0.1353,False,RQ-016
7,5.0,0.5,inverse_beta,0.1338,0.1353,False,RQ-016
8,10.0,0.1,institutional,0.1338,0.1353,False,RQ-016
9,1.0,1.0,adaptive_beta,0.1338,0.1353,False,RQ-016
12,1.0,1.0,adaptive_beta,0.1170,0.1226,False,RQ-012
10,0.01,1.0,adaptive_beta,0.1338,0.1353,False,RQ-016
11,0.7,0.6,adaptive_beta,0.1338,0.1353,False,RQ-016
12,0.9,0.8,adaptive_beta,0.1338,0.1353,False,RQ-016
13,0.95,0.9,adaptive_beta,0.1338,0.1353,False,RQ-016
13,0.01,0.01,adaptive_beta,0.1170,0.1226,False,RQ-012
14,0.05,0.7,inverse_beta,0.1338,0.1353,False,RQ-016
15,0.7,0.3,adaptive_beta,0.1338,0.1353,False,RQ-016
16,0.9,0.5,adaptive_beta,0.1338,0.1353,False,RQ-016
17,0.5,0.7,inverse_beta,0.1338,0.1353,False,RQ-016
14,0.1,0.8,inverse_beta,0.1170,0.1226,False,RQ-012
18,0.3,0.9,inverse_beta,0.1338,0.1353,False,RQ-016
19,0.7,0.3,adaptive_beta,0.1338,0.1353,False,RQ-016
20,0.9,0.5,adaptive_beta,0.1338,0.1353,False,RQ-016
21,0.3,0.7,inverse_beta,0.1338,0.1353,False,RQ-016
22,0.5,0.5,institutional,0.1338,0.1353,False,RQ-016
15,0.1,1.0,institutional,0.1170,0.1226,False,RQ-012
23,0.7,0.3,adaptive_beta,0.1338,0.1353,False,RQ-016
24,1.0,0.5,adaptive_beta,0.1338,0.1353,False,RQ-016
25,5.0,0.1,adaptive_beta,0.1338,0.1353,False,RQ-016
26,0.5,2.0,inverse_beta,0.1338,0.1353,False,RQ-016
16,0.3,0.7,inverse_beta,0.1170,0.1226,False,RQ-012
27,2.0,0.5,institutional,0.1338,0.1353,False,RQ-016
28,0.75,0.25,adaptive_beta,0.1338,0.1353,False,RQ-016
29,0.9,0.1,adaptive_beta,0.1338,0.1353,False,RQ-016
30,0.95,0.05,adaptive_beta,0.1338,0.1353,False,RQ-016
31,0.99,0.01,adaptive_beta,0.1338,0.1353,False,RQ-016
17,1.0,1.0,institutional,0.1170,0.1226,False,RQ-012
32,0.5,0.5,inverse_beta,0.1338,0.1353,False,RQ-016
33,0.75,0.25,adaptive_beta,0.1338,0.1353,False,RQ-016
34,0.9,0.1,adaptive_beta,0.1338,0.1353,False,RQ-016
35,0.95,0.05,adaptive_beta,0.1338,0.1353,False,RQ-016
18,0.75,0.25,institutional,0.1170,0.1226,False,RQ-012
36,1.0,0.01,adaptive_beta,0.1338,0.1353,False,RQ-016
37,0.7,0.3,adaptive_beta,0.1338,0.1353,False,RQ-016
38,0.1,1.0,institutional,0.1338,0.1353,False,RQ-016
39,1.0,2.0,adaptive_beta,0.1338,0.1353,False,RQ-016
40,5.0,0.5,adaptive_beta,0.1338,0.1353,False,RQ-016
19,0.01,5.0,inverse_beta,0.1170,0.1226,False,RQ-012
1,0.7,0.6,adaptive_beta,0.1338,0.1353,False,RQ-017
2,8.5,0.2,adaptive_beta,0.1338,0.1353,False,RQ-017
3,9.5,0.1,adaptive_beta,0.1338,0.1353,False,RQ-017
4,10.5,0.05,adaptive_beta,0.1338,0.1353,False,RQ-017
20,7.5,0.25,adaptive_beta,0.1170,0.1226,False,RQ-012
5,11.5,0.01,adaptive_beta,0.1338,0.1353,False,RQ-017
6,5.0,2.0,institutional,0.1338,0.1353,False,RQ-017
7,10.0,0.5,adaptive_beta,0.1338,0.1353,False,RQ-017
8,0.1,10.0,inverse_beta,0.1338,0.1353,False,RQ-017
21,1.0,1.0,adaptive_beta,0.1170,0.1226,False,RQ-012
9,0.01,0.01,adaptive_beta,0.1338,0.1353,False,RQ-017
10,0.7,0.6,adaptive_beta,0.1338,0.1353,False,RQ-017
11,0.9,0.7,adaptive_beta,0.1338,0.1353,False,RQ-017
12,0.95,0.8,adaptive_beta,0.1338,0.1353,False,RQ-017
22,1.0,1.0,institutional,0.1170,0.1226,False,RQ-012
13,0.99,0.9,adaptive_beta,0.1338,0.1353,False,RQ-017
14,0.7,0.3,adaptive_beta,0.1338,0.1353,False,RQ-017
15,0.9,0.5,adaptive_beta,0.1338,0.1353,False,RQ-017
16,0.5,0.7,inverse_beta,0.1338,0.1353,False,RQ-017
23,0.5,1.0,institutional,0.1170,0.1226,False,RQ-012
17,0.3,0.9,inverse_beta,0.1338,0.1353,False,RQ-017
18,0.7,0.3,adaptive_beta,0.1338,0.1353,False,RQ-017
19,0.9,0.5,inverse_beta,0.1338,0.1353,False,RQ-017
20,0.95,0.7,inverse_beta,0.1338,0.1353,False,RQ-017
24,0.1,1.0,institutional,0.1170,0.1226,False,RQ-012
21,0.99,0.9,institutional,0.1338,0.1353,False,RQ-017
22,0.7,0.3,adaptive_beta,0.1338,0.1353,False,RQ-017
23,0.9,0.1,adaptive_beta,0.1338,0.1353,False,RQ-017
24,0.5,0.5,inverse_beta,0.1338,0.1353,False,RQ-017
25,0.05,0.1,adaptive_beta,0.1170,0.1226,False,RQ-012
25,0.7,0.7,institutional,0.1338,0.1353,False,RQ-017
26,0.75,0.25,adaptive_beta,0.1338,0.1353,False,RQ-017
27,0.95,0.25,adaptive_beta,0.1338,0.1353,False,RQ-017
28,0.99,0.15,inverse_beta,0.1338,0.1353,False,RQ-017
29,0.99,0.05,institutional,0.1338,0.1353,False,RQ-017
26,0.3,0.9,adaptive_beta,0.1170,0.1226,False,RQ-012
30,0.99,0.01,institutional,0.1338,0.1353,False,RQ-017
31,0.7,0.6,adaptive_beta,0.1338,0.1353,False,RQ-017
32,0.9,0.8,institutional,0.1338,0.1353,False,RQ-017
33,0.5,0.4,adaptive_beta,0.1338,0.1353,False,RQ-017
27,0.99,0.05,institutional,0.1170,0.1226,False,RQ-012
34,0.7,0.6,inverse_beta,0.1338,0.1353,False,RQ-017
35,0.7,0.3,adaptive_beta,0.1338,0.1353,False,RQ-017
36,0.9,0.4,adaptive_beta,0.1338,0.1353,False,RQ-017
37,0.7,0.5,inverse_beta,0.1338,0.1353,False,RQ-017
28,1.0,0.7,inverse_beta,0.1170,0.1226,False,RQ-012
38,0.8,0.6,institutional,0.1338,0.1353,False,RQ-017
39,1.5,0.7,adaptive_beta,0.1338,0.1353,False,RQ-017
40,2.0,0.9,adaptive_beta,0.1338,0.1353,False,RQ-017
1,2.5,0.95,adaptive_beta,0.1338,0.1353,False,RQ-018
2,5.26,1.77,inverse_beta,0.1338,0.1353,False,RQ-018
29,0.9,0.7,institutional,0.1170,0.1226,False,RQ-012
3,8.32,0.13,adaptive_beta,0.1338,0.1353,False,RQ-018
4,0.7,0.6,adaptive_beta,0.1338,0.1353,False,RQ-018
5,0.9,0.7,adaptive_beta,0.1338,0.1353,False,RQ-018
6,0.95,0.8,adaptive_beta,0.1338,0.1353,False,RQ-018
30,10.0,0.5,adaptive_beta,0.1170,0.1226,False,RQ-012
7,1.0,0.9,adaptive_beta,0.1338,0.1353,False,RQ-018
8,0.7,0.3,adaptive_beta,0.1338,0.1353,False,RQ-018
9,1.5,0.5,adaptive_beta,0.1338,0.1353,False,RQ-018
10,3.0,0.7,adaptive_beta,0.1338,0.1353,False,RQ-018
11,5.0,0.9,adaptive_beta,0.1338,0.1353,False,RQ-018
31,0.5,0.5,institutional,0.1170,0.1226,False,RQ-012
12,7.0,1.1,adaptive_beta,0.1338,0.1353,False,RQ-018
13,0.7,0.3,adaptive_beta,0.1338,0.1353,False,RQ-018
14,0.9,0.5,adaptive_beta,0.1338,0.1353,False,RQ-018
15,0.5,0.7,inverse_beta,0.1338,0.1353,False,RQ-018
32,9.0,1.3,adaptive_beta,0.1170,0.1226,False,RQ-012
16,0.3,0.8,institutional,0.1338,0.1353,False,RQ-018
17,0.7,0.6,adaptive_beta,0.1338,0.1353,False,RQ-018
18,0.9,0.7,adaptive_beta,0.1338,0.1353,False,RQ-018
33,0.2,0.9,institutional,0.1170,0.1226,False,RQ-012
19,0.3,0.8,adaptive_beta,0.1338,0.1353,False,RQ-018
20,0.05,0.95,adaptive_beta,0.1338,0.1353,False,RQ-018
21,0.7,0.3,adaptive_beta,0.1338,0.1353,False,RQ-018
22,0.9,0.5,adaptive_beta,0.1338,0.1353,False,RQ-018
34,0.1,0.9,adaptive_beta,0.1170,0.1226,False,RQ-012
23,0.95,0.7,adaptive_beta,0.1338,0.1353,False,RQ-018
24,0.99,0.95,institutional,0.1338,0.1353,False,RQ-018
25,0.7,0.6,adaptive_beta,0.1338,0.1353,False,RQ-018
26,0.9,0.7,adaptive_beta,0.1338,0.1353,False,RQ-018
35,0.98,0.9,adaptive_beta,0.1170,0.1226,False,RQ-012
27,0.5,0.5,institutional,0.1338,0.1353,False,RQ-018
28,0.3,0.8,inverse_beta,0.1338,0.1353,False,RQ-018
29,0.7,0.3,adaptive_beta,0.1338,0.1353,False,RQ-018
30,1.0,0.5,adaptive_beta,0.1338,0.1353,False,RQ-018
31,2.0,0.7,institutional,0.1338,0.1353,False,RQ-018
36,0.7,0.6,adaptive_beta,0.1170,0.1226,False,RQ-012
32,3.0,0.9,institutional,0.1338,0.1353,False,RQ-018
33,0.7,0.6,adaptive_beta,0.1338,0.1353,False,RQ-018
34,5.57,4.07,tit_for_tat,0.1338,0.1353,False,RQ-018
35,0.9,0.5,adaptive_beta,0.1338,0.1353,False,RQ-018
37,4.0,1.0,institutional,0.1170,0.1226,False,RQ-012
36,0.51,1.34,tit_for_tat,0.1338,0.1353,False,RQ-018
37,0.7,0.3,adaptive_beta,0.1338,0.1353,False,RQ-018
38,0.9,0.4,adaptive_beta,0.1338,0.1353,False,RQ-018
39,0.95,0.5,adaptive_beta,0.1338,0.1353,False,RQ-018
38,0.7,0.6,adaptive_beta,0.1170,0.1226,False,RQ-012
40,1.0,0.6,adaptive_beta,0.1338,0.1353,False,RQ-018
1,0.7,0.3,adaptive_beta,0.1338,0.1353,False,RQ-019
39,1.2,0.7,adaptive_beta,0.1170,0.1226,False,RQ-012
40,0.8,0.4,adaptive_beta,0.1170,0.1226,False,RQ-012
1,0.9,0.5,adaptive_beta,0.1170,0.1226,False,RQ-013
